firstName,lastName,email
John,Doe,john.doe@example.com
Jane,Smith,jane.smith@example.com
Michael,Johnson,michael.johnson@example.com
Emily,Williams,emily.williams@example.com
Robert,Brown,robert.brown@example.com
Sophia,Jones,sophia.jones@example.com
William,Miller,william.miller@example.com
Olivia,Davis,olivia.davis@example.com
James,Anderson,james.anderson@example.com
Emma,Wilson,emma.wilson@example.com
Alexander,Martin,alexander.martin@example.com
Isabella,Thompson,isabella.thompson@example.com
Daniel,White,daniel.white@example.com
Ava,Garcia,ava.garcia@example.com
Liam,Martinez,liam.martinez@example.com
Mia,Robinson,mia.robinson@example.com
Ethan,Hall,ethan.hall@example.com
Grace,Young,grace.young@example.com
Logan,Clark,logan.clark@example.com
